avg_radius,avg_area,avg_smoothness
17.46283018867925,978.3764150943397,0.10289849056603775
12.14652380952381,462.79019607843145,0.09247764705882354
